{
  "logistic_regression": {
    "accuracy": 0.9526315789473684,
    "f1_weighted": 0.9525671964716651,
    "precision": 0.955102495543672,
    "recall": 0.9526315789473684,
    "roc_auc": 0.9821606648199446
  },
  "xgboost": {
    "accuracy": 0.9631578947368421,
    "f1_weighted": 0.9631487074339863,
    "precision": 0.963620230700976,
    "recall": 0.9631578947368421,
    "roc_auc": 0.9890304709141273
  },
  "mlp": {
    "accuracy": 0.9578947368421052,
    "f1_weighted": 0.9578900709219857,
    "precision": 0.9580977718656467,
    "recall": 0.9578947368421052,
    "roc_auc": 0.9818282548476455
  },
  "random_forest": {
    "accuracy": 0.9473684210526315,
    "f1_weighted": 0.9473450836936038,
    "precision": 0.9481629481629481,
    "recall": 0.9473684210526315,
    "roc_auc": 0.9807756232686982
  },
  "svm": {
    "accuracy": 0.9526315789473684,
    "f1_weighted": 0.9525671964716651,
    "precision": 0.955102495543672,
    "recall": 0.9526315789473684,
    "roc_auc": 0.9833795013850416
  },
  "decision_tree": {
    "accuracy": 0.9315789473684211,
    "f1_weighted": 0.9315770519959002,
    "precision": 0.9316267730496455,
    "recall": 0.9315789473684211,
    "roc_auc": 0.9315789473684211
  }
}